{"cameraMode":{"drawMode":0,"name":"Shaded","section":"Shading Mode"},"sceneLighting":true,"audioPlay":false,"sceneViewState":{"showFog":false,"showMaterialUpdate":false,"showSkybox":false,"showFlares":false,"showImageEffects":false,"showParticleSystems":false},"in2DMode":false,"pivot":{"x":6.990852355957031,"y":4.161279201507568,"z":69.0341567993164},"rotation":{"x":0.02398175187408924,"y":-0.03968202322721481,"z":-0.0011703057680279017,"w":-0.9992882013320923},"size":68.15918731689453,"orthographic":false}