{"cameraMode":{"drawMode":0,"name":"Shaded","section":"Shading Mode"},"sceneLighting":true,"audioPlay":false,"sceneViewState":{"showFog":false,"showMaterialUpdate":false,"showSkybox":false,"showFlares":false,"showImageEffects":false,"showParticleSystems":false},"in2DMode":false,"pivot":{"x":6.646533012390137,"y":-10.146230697631836,"z":22.23194122314453},"rotation":{"x":-0.23599982261657716,"y":-0.051775362342596057,"z":0.012330904603004456,"w":-0.9706370234489441},"size":25.928186416625978,"orthographic":false}