{"cameraMode":{"drawMode":0,"name":"Shaded","section":"Shading Mode"},"sceneLighting":true,"audioPlay":false,"sceneViewState":{"showFog":false,"showMaterialUpdate":true,"showSkybox":true,"showFlares":true,"showImageEffects":true,"showParticleSystems":true},"in2DMode":false,"pivot":{"x":929.5701293945313,"y":-1818.054443359375,"z":-786.886962890625},"rotation":{"x":0.18925248086452485,"y":0.8089621067047119,"z":-0.4212529957294464,"w":0.3639509975910187},"size":2334.987548828125,"orthographic":false}